0,1,2,3,4
https://www.seriouseats.com/recipes/2012/02/rich-and-creamy-tonkotsu-ramen-broth-from-scratch-recipe.html,Rich and Creamy Tonkotsu Ramen Broth Recipe,seriouseats,0,                        
https://www.seriouseats.com/recipes/2012/02/rich-and-creamy-tonkotsu-ramen-broth-from-scratch-recipe.html,Rich and Creamy Tonkotsu Ramen Broth Recipe,seriouseats,1,                      
https://www.seriouseats.com/recipes/2012/02/rich-and-creamy-tonkotsu-ramen-broth-from-scratch-recipe.html,Rich and Creamy Tonkotsu Ramen Broth Recipe,seriouseats,2,                        
https://www.seriouseats.com/recipes/2012/02/rich-and-creamy-tonkotsu-ramen-broth-from-scratch-recipe.html,Rich and Creamy Tonkotsu Ramen Broth Recipe,seriouseats,3,                      
https://www.seriouseats.com/recipes/2012/02/rich-and-creamy-tonkotsu-ramen-broth-from-scratch-recipe.html,Rich and Creamy Tonkotsu Ramen Broth Recipe,seriouseats,4,                        
https://www.seriouseats.com/recipes/2012/02/rich-and-creamy-tonkotsu-ramen-broth-from-scratch-recipe.html,Rich and Creamy Tonkotsu Ramen Broth Recipe,seriouseats,5,                      
https://www.seriouseats.com/recipes/2012/02/rich-and-creamy-tonkotsu-ramen-broth-from-scratch-recipe.html,Rich and Creamy Tonkotsu Ramen Broth Recipe,seriouseats,6,                        
https://www.seriouseats.com/recipes/2012/02/rich-and-creamy-tonkotsu-ramen-broth-from-scratch-recipe.html,Rich and Creamy Tonkotsu Ramen Broth Recipe,seriouseats,7,                      
https://www.seriouseats.com/recipes/2012/02/rich-and-creamy-tonkotsu-ramen-broth-from-scratch-recipe.html,Rich and Creamy Tonkotsu Ramen Broth Recipe,seriouseats,8,                        
https://www.seriouseats.com/recipes/2012/02/rich-and-creamy-tonkotsu-ramen-broth-from-scratch-recipe.html,Rich and Creamy Tonkotsu Ramen Broth Recipe,seriouseats,9,                      
https://www.seriouseats.com/recipes/2012/02/rich-and-creamy-tonkotsu-ramen-broth-from-scratch-recipe.html,Rich and Creamy Tonkotsu Ramen Broth Recipe,seriouseats,10,                        
https://www.seriouseats.com/recipes/2012/02/rich-and-creamy-tonkotsu-ramen-broth-from-scratch-recipe.html,Rich and Creamy Tonkotsu Ramen Broth Recipe,seriouseats,11,                      
https://www.seriouseats.com/recipes/2012/02/rich-and-creamy-tonkotsu-ramen-broth-from-scratch-recipe.html,Rich and Creamy Tonkotsu Ramen Broth Recipe,seriouseats,12,                        
https://www.seriouseats.com/recipes/2012/02/rich-and-creamy-tonkotsu-ramen-broth-from-scratch-recipe.html,Rich and Creamy Tonkotsu Ramen Broth Recipe,seriouseats,13,                      
